t,count,max,mean,min,stddev,p50,p75,p95,p98,p99,p999,mean_rate,m1_rate,m5_rate,m15_rate,rate_unit,duration_unit
1593702169,284,0.121282,0.003159,0.000510,0.008012,0.001339,0.002752,0.009144,0.014783,0.023324,0.121282,50.958498,43.800000,43.800000,43.800000,calls/second,milliseconds
1593702173,1314,0.122896,0.002378,0.000344,0.006234,0.001202,0.002331,0.006731,0.009966,0.013783,0.121282,130.106567,57.440423,46.619770,44.745150,calls/second,milliseconds
1593702178,2666,0.048127,0.001867,0.000245,0.003416,0.000985,0.001779,0.005393,0.010613,0.014960,0.044605,170.650558,73.284388,50.073909,45.913318,calls/second,milliseconds
1593702183,3693,211.939763,0.216787,0.000167,6.748672,0.000825,0.001572,0.005339,0.009806,0.016305,211.939763,179.998424,84.023671,52.677587,46.809087,calls/second,milliseconds
1593702188,4945,211.939763,0.207687,0.000163,6.602898,0.000731,0.001589,0.005171,0.008972,0.017322,0.120150,195.451506,96.702734,55.816728,47.893798,calls/second,milliseconds
1593702212,6171,211.939763,0.190000,0.000130,6.317483,0.000663,0.001478,0.004761,0.008507,0.014264,0.052442,96.008936,67.888369,53.671468,47.485672,calls/second,milliseconds
1593702228,6311,211.939763,0.181990,0.000130,6.182925,0.000645,0.001394,0.004761,0.008507,0.014171,0.052442,66.118098,39.729564,48.287744,45.860912,calls/second,milliseconds
1593702259,6336,211.939763,0.175286,0.000130,6.066514,0.000663,0.001478,0.005072,0.008379,0.013938,0.052442,56.741747,31.144458,45.980683,45.119335,calls/second,milliseconds
