t,count,max,mean,min,stddev,p50,p75,p95,p98,p99,p999,values
1593702169,1,48,48.000000,48,0.000000,48.000000,48.000000,48.000000,48.000000,48.000000,48.000000,48|
1593702173,1,48,48.000000,48,0.000000,48.000000,48.000000,48.000000,48.000000,48.000000,48.000000,48|
1593702178,1,48,48.000000,48,0.000000,48.000000,48.000000,48.000000,48.000000,48.000000,48.000000,48|
1593702183,1,48,48.000000,48,0.000000,48.000000,48.000000,48.000000,48.000000,48.000000,48.000000,48|
1593702188,1,48,48.000000,48,0.000000,48.000000,48.000000,48.000000,48.000000,48.000000,48.000000,48|
1593702212,1,48,48.000000,48,0.000000,48.000000,48.000000,48.000000,48.000000,48.000000,48.000000,48|
1593702228,1,48,48.000000,48,0.000000,48.000000,48.000000,48.000000,48.000000,48.000000,48.000000,48|
1593702259,1,48,48.000000,48,0.000000,48.000000,48.000000,48.000000,48.000000,48.000000,48.000000,48|
1593702289,1,48,48.000000,48,0.000000,48.000000,48.000000,48.000000,48.000000,48.000000,48.000000,48|
