t,count,max,mean,min,stddev,p50,p75,p95,p98,p99,p999,mean_rate,m1_rate,m5_rate,m15_rate,rate_unit,duration_unit
1593702169,566,0.012382,0.001157,0.000258,0.001247,0.000897,0.001210,0.002910,0.005272,0.007525,0.012382,101.306671,95.200000,95.200000,95.200000,calls/second,milliseconds
1593702173,2664,0.010708,0.000746,0.000118,0.000792,0.000547,0.000890,0.001951,0.002993,0.003958,0.008122,263.247240,121.617325,100.661032,97.030466,calls/second,milliseconds
1593702178,5441,0.026752,0.000635,0.000078,0.001171,0.000417,0.000671,0.001519,0.002642,0.003640,0.026752,347.904072,154.781517,107.863163,99.464640,calls/second,milliseconds
1593702183,7336,0.026752,0.000556,0.000086,0.001064,0.000394,0.000579,0.001323,0.002246,0.003193,0.010708,357.322272,172.005428,112.199210,100.964555,calls/second,milliseconds
1593702188,9783,0.026752,0.000508,0.000079,0.001025,0.000370,0.000536,0.001188,0.001854,0.003101,0.010708,386.318281,197.414879,118.440402,103.118763,calls/second,milliseconds
1593702212,12370,0.026752,0.000490,0.000076,0.001034,0.000364,0.000530,0.001025,0.001625,0.003002,0.011381,192.377237,139.115989,113.741096,102.145033,calls/second,milliseconds
1593702228,12510,0.026752,0.000486,0.000076,0.001024,0.000364,0.000531,0.001012,0.001579,0.003002,0.011381,131.038693,79.353826,101.743471,98.437702,calls/second,milliseconds
1593702259,12646,0.026752,0.000500,0.000069,0.001202,0.000329,0.000519,0.001012,0.001588,0.003193,0.013466,113.225150,63.506381,97.184248,96.948739,calls/second,milliseconds
