t,count,max,mean,min,stddev,p50,p75,p95,p98,p99,p999,mean_rate,m1_rate,m5_rate,m15_rate,rate_unit,duration_unit
1593702169,130,1.336072,0.078152,0.030599,0.126095,0.048148,0.069402,0.253666,0.282707,0.394551,1.336072,23.747943,20.200000,20.200000,20.200000,calls/second,milliseconds
1593702173,664,1.336072,0.042710,0.010518,0.074296,0.030832,0.043136,0.091618,0.181361,0.271210,1.336072,66.263758,27.491949,21.707403,20.705262,calls/second,milliseconds
1593702178,1309,1.336072,0.030593,0.008159,0.060468,0.019569,0.031461,0.065498,0.117518,0.214457,1.123331,84.189102,35.032405,23.361789,21.265342,calls/second,milliseconds
1593702183,1790,1.336072,0.028128,0.008159,0.063687,0.016281,0.027663,0.060294,0.111075,0.214457,1.123331,87.590168,39.939087,24.569004,21.681600,calls/second,milliseconds
1593702188,2299,1.336072,0.023878,0.008159,0.052239,0.015013,0.021725,0.051795,0.088824,0.136899,0.780416,91.090998,45.253008,25.921551,22.150952,calls/second,milliseconds
1593702212,2885,1.336072,0.021983,0.006560,0.048806,0.014953,0.019245,0.042346,0.070564,0.129440,0.780416,44.938449,31.188414,24.803820,21.923532,calls/second,milliseconds
1593702228,2965,1.336072,0.021044,0.006560,0.046689,0.014925,0.018931,0.040823,0.064562,0.098073,0.780416,31.093824,18.595304,22.403279,21.203968,calls/second,milliseconds
1593702259,2979,1.336072,0.020917,0.006560,0.045994,0.014853,0.019023,0.042014,0.060682,0.098073,0.780416,26.698030,14.617399,21.342632,20.864455,calls/second,milliseconds
