t,count,max,mean,min,stddev,p50,p75,p95,p98,p99,p999,mean_rate,m1_rate,m5_rate,m15_rate,rate_unit,duration_unit
1593702169,304,0.172486,0.014916,0.001367,0.021317,0.011235,0.020209,0.036326,0.107838,0.123924,0.172486,54.442869,46.000000,46.000000,46.000000,calls/second,milliseconds
1593702173,1403,0.342399,0.010223,0.000754,0.016409,0.007339,0.013948,0.023743,0.036326,0.059449,0.172486,138.540720,60.376014,48.971833,46.996119,calls/second,milliseconds
1593702178,2793,0.396436,0.009679,0.000788,0.020213,0.006094,0.012372,0.023743,0.046702,0.070138,0.342399,178.593444,77.376489,52.674693,48.248215,calls/second,milliseconds
1593702183,3832,0.553433,0.009950,0.000701,0.026633,0.004884,0.012242,0.023995,0.046702,0.070138,0.553433,186.645390,87.292862,55.132906,49.096699,calls/second,milliseconds
1593702188,5032,0.553433,0.009066,0.000738,0.023396,0.003270,0.012064,0.023265,0.043843,0.063753,0.553433,198.679859,99.966393,58.284355,50.186466,calls/second,milliseconds
1593702212,6293,0.342399,0.008027,0.000575,0.014179,0.003178,0.011952,0.020691,0.035460,0.056631,0.151809,97.861842,69.139375,55.782383,49.665075,calls/second,milliseconds
1593702228,6469,0.342399,0.007843,0.000575,0.013745,0.003086,0.011868,0.020469,0.035460,0.053461,0.151809,67.761575,40.973747,50.291965,48.000048,calls/second,milliseconds
1593702259,6495,0.342399,0.007780,0.000575,0.013609,0.003017,0.011809,0.020469,0.035460,0.053461,0.151809,58.153728,32.181110,47.903144,47.228593,calls/second,milliseconds
