t,count,max,mean,min,stddev,p50,p75,p95,p98,p99,p999,mean_rate,m1_rate,m5_rate,m15_rate,rate_unit,duration_unit
1593702169,618,3.117255,0.015625,0.000241,0.130599,0.002305,0.011915,0.033150,0.067208,0.093336,3.117255,110.502887,98.800000,98.800000,98.800000,calls/second,milliseconds
1593702173,2693,0.752279,0.006023,0.000122,0.024751,0.002825,0.008099,0.015188,0.023728,0.047895,0.110093,265.443400,124.849530,104.185000,100.604982,calls/second,milliseconds
1593702178,5382,0.100693,0.003715,0.000084,0.007184,0.001011,0.004424,0.012452,0.017005,0.029036,0.089326,343.319141,159.082551,111.603260,103.111319,calls/second,milliseconds
1593702183,7541,0.089326,0.003236,0.000072,0.006757,0.000733,0.003820,0.011334,0.017437,0.035189,0.086402,366.677459,176.810100,116.052691,104.649756,calls/second,milliseconds
1593702188,10007,0.069347,0.002942,0.000072,0.005324,0.002546,0.003947,0.009743,0.014395,0.029036,0.069347,394.429249,202.123230,122.289693,106.803492,calls/second,milliseconds
1593702212,11883,0.069347,0.002901,0.000072,0.005334,0.002546,0.004062,0.008690,0.013545,0.029036,0.060946,184.753574,133.450955,115.194474,105.012479,calls/second,milliseconds
1593702228,11883,0.069347,0.002901,0.000072,0.005334,0.002546,0.004062,0.008690,0.013545,0.029036,0.060946,124.460555,74.470323,102.509463,101.007048,calls/second,milliseconds
1593702259,11883,0.069347,0.002901,0.000072,0.005334,0.002546,0.004062,0.008690,0.013545,0.029036,0.060946,106.379317,57.997546,97.510017,99.337549,calls/second,milliseconds
