t,count,max,mean,min,stddev,p50,p75,p95,p98,p99,p999,mean_rate,m1_rate,m5_rate,m15_rate,rate_unit,duration_unit
1593702169,269,14.560790,0.123105,0.010071,1.004747,0.027422,0.039921,0.113103,0.178476,0.478047,14.560790,48.071068,38.400000,38.400000,38.400000,calls/second,milliseconds
1593702173,1328,14.560790,0.065026,0.005531,0.571491,0.017321,0.028903,0.099296,0.138332,0.227060,6.862383,130.858410,52.568130,41.328858,39.381715,calls/second,milliseconds
1593702178,2624,6.763362,0.032510,0.005531,0.210242,0.014479,0.027292,0.092139,0.115372,0.129585,0.478047,167.345821,68.513822,44.810946,40.559653,calls/second,milliseconds
1593702183,3636,6.763362,0.036475,0.005531,0.220339,0.014434,0.027214,0.092911,0.124642,0.159874,2.375961,176.698241,78.563134,47.280130,41.410843,calls/second,milliseconds
1593702188,4837,6.763362,0.033841,0.004980,0.215470,0.013330,0.024539,0.089498,0.119479,0.159874,2.375961,190.538082,92.158531,50.607655,42.558703,calls/second,milliseconds
1593702212,6103,6.763362,0.033043,0.004954,0.206215,0.013645,0.025228,0.086612,0.119479,0.159874,2.375961,94.866427,65.116031,49.010949,42.347532,calls/second,milliseconds
1593702228,6255,6.763362,0.036776,0.004954,0.217500,0.013463,0.025654,0.089226,0.129585,0.213523,2.375961,65.511121,38.508414,44.217344,40.945075,calls/second,milliseconds
1593702259,6275,6.763362,0.036487,0.004954,0.214796,0.013722,0.025993,0.089226,0.127892,0.213523,2.375961,56.172150,30.179890,42.105602,40.283653,calls/second,milliseconds
