t,count,max,mean,min,stddev,p50,p75,p95,p98,p99,p999,mean_rate,m1_rate,m5_rate,m15_rate,rate_unit,duration_unit
1593702169,0,0.000000,0.000000,0.000000,0.000000,0.000000,0.000000,0.000000,0.000000,0.000000,0.000000,0.000000,0.000000,0.000000,0.000000,calls/second,milliseconds
1593702173,0,0.000000,0.000000,0.000000,0.000000,0.000000,0.000000,0.000000,0.000000,0.000000,0.000000,0.000000,0.000000,0.000000,0.000000,calls/second,milliseconds
1593702178,128,2.499840,0.089714,0.007199,0.294823,0.021932,0.028635,0.301021,0.963788,1.742555,2.499840,8.224290,0.191893,0.039669,0.013296,calls/second,milliseconds
1593702183,2823,11.738690,0.050899,0.005602,0.399693,0.024820,0.027029,0.089461,0.167878,0.294338,5.228041,137.872532,45.047625,9.314833,3.122356,calls/second,milliseconds
1593702188,2823,11.738690,0.050899,0.005602,0.399693,0.024820,0.027029,0.089461,0.167878,0.294338,5.228041,111.660564,41.525771,9.177401,3.110598,calls/second,milliseconds
1593702212,3085,11.738690,0.047790,0.005602,0.383864,0.024398,0.026513,0.087664,0.164658,0.301021,5.228041,48.039095,25.835344,8.793909,3.206775,calls/second,milliseconds
1593702228,3285,5.228041,0.041473,0.005737,0.185114,0.024158,0.027329,0.088439,0.195213,0.361538,2.337121,34.446454,17.088001,8.561864,3.343825,calls/second,milliseconds
1593702259,3475,5.228041,0.033796,0.005737,0.158098,0.022010,0.025504,0.075427,0.139505,0.239033,2.337121,27.766555,12.268132,8.242528,3.406929,calls/second,milliseconds
