t,count,max,mean,min,stddev,p50,p75,p95,p98,p99,p999,mean_rate,m1_rate,m5_rate,m15_rate,rate_unit,duration_unit
1593702169,647,244.076473,0.408976,0.000239,9.654148,0.013368,0.031851,0.129749,0.159506,0.174445,244.076473,117.938706,94.000000,94.000000,94.000000,calls/second,milliseconds
1593702173,2804,244.076473,0.260021,0.000135,7.509738,0.009809,0.022369,0.090938,0.137303,0.185033,5.179839,279.460227,123.487620,100.095728,96.043208,calls/second,milliseconds
1593702178,5603,244.076473,0.244323,0.000082,7.339792,0.007962,0.018625,0.079787,0.134586,0.163624,5.179839,359.902687,154.871177,106.970021,98.369833,calls/second,milliseconds
1593702183,7589,244.076473,0.235208,0.000082,7.220806,0.000685,0.017939,0.068183,0.112145,0.154865,5.179839,370.452078,174.918347,111.905940,100.071934,calls/second,milliseconds
1593702188,10082,5.179839,0.020333,0.000082,0.165488,0.001818,0.018213,0.056508,0.091450,0.148967,2.148544,398.569321,200.206832,118.175120,102.238843,calls/second,milliseconds
1593702212,12546,5.179839,0.020537,0.000086,0.159516,0.001040,0.018625,0.065111,0.116629,0.149823,2.148544,195.352132,138.152649,112.826150,101.060469,calls/second,milliseconds
1593702228,12762,5.179839,0.019790,0.000086,0.156735,0.000705,0.018094,0.057222,0.114441,0.149823,2.148544,133.817406,81.108791,101.546390,97.611050,calls/second,milliseconds
1593702259,12848,5.179839,0.018893,0.000086,0.151976,0.000591,0.017939,0.055015,0.110304,0.149823,2.148544,102.657474,49.917439,92.075126,94.478212,calls/second,milliseconds
