t,count,max,mean,min,stddev,p50,p75,p95,p98,p99,p999,mean_rate,m1_rate,m5_rate,m15_rate,rate_unit,duration_unit
1593702169,638,225.694440,0.470040,0.014042,9.002830,0.034734,0.086052,0.235309,0.331098,2.583137,225.694440,267.011732,0.000000,0.000000,0.000000,calls/second,milliseconds
1593702173,2859,225.694440,0.304061,0.009855,6.999305,0.024437,0.043862,0.128313,0.254833,0.437287,24.061872,412.047241,328.400000,328.400000,328.400000,calls/second,milliseconds
1593702178,5775,8.737555,0.048802,0.009092,0.295808,0.021968,0.034989,0.101116,0.176905,0.254230,3.726079,462.871382,348.468852,332.548665,329.790578,calls/second,milliseconds
1593702183,7737,3.726079,0.046077,0.007530,0.153203,0.023528,0.046378,0.105306,0.157635,0.222074,2.583137,444.812643,356.059127,334.380876,330.419992,calls/second,milliseconds
1593702188,10193,4.114286,0.044670,0.007530,0.150198,0.024749,0.045415,0.106034,0.137697,0.181815,4.114286,455.060816,364.065950,336.394370,331.116832,calls/second,milliseconds
1593702212,12655,3.204435,0.041424,0.007530,0.122034,0.024843,0.043928,0.099214,0.131295,0.177646,3.204435,207.016797,221.668207,305.024055,320.528597,calls/second,milliseconds
1593702228,12864,3.204435,0.040055,0.007530,0.119526,0.024308,0.041274,0.095565,0.130098,0.177646,3.204435,139.417004,137.646782,276.839174,310.314534,calls/second,milliseconds
1593702259,12941,3.204435,0.039618,0.007530,0.115669,0.025726,0.040332,0.091689,0.129430,0.176905,1.849619,106.020321,84.260490,250.694239,300.210783,calls/second,milliseconds
