t,count,max,mean,min,stddev,p50,p75,p95,p98,p99,p999,mean_rate,m1_rate,m5_rate,m15_rate,rate_unit,duration_unit
1593447016,260,0.034316,0.003198,0.000558,0.003932,0.001473,0.004036,0.009612,0.013302,0.020619,0.034316,46.946606,40.600000,40.600000,40.600000,calls/second,milliseconds
1593447021,1242,0.609071,0.002723,0.000283,0.019307,0.001294,0.002507,0.005554,0.008797,0.012868,0.036113,121.756371,53.360911,43.237956,41.484208,calls/second,milliseconds
1593447026,2430,0.036113,0.001567,0.000230,0.002224,0.001097,0.001647,0.004036,0.006228,0.008733,0.034316,161.564806,68.667536,46.569484,42.610609,calls/second,milliseconds
1593447031,3424,0.062366,0.001614,0.000204,0.002917,0.001076,0.001660,0.004023,0.007853,0.012479,0.062366,168.935363,78.032931,48.870762,43.403900,calls/second,milliseconds
1593447036,4415,0.062366,0.001500,0.000198,0.002676,0.001063,0.001650,0.003532,0.005920,0.010645,0.062366,175.543904,87.992764,51.411682,44.285870,calls/second,milliseconds
1593447062,5452,0.062366,0.001484,0.000198,0.002652,0.001044,0.001627,0.003532,0.006229,0.011285,0.036113,79.812295,55.426272,48.143888,43.490526,calls/second,milliseconds
1593447079,5568,0.062366,0.001451,0.000198,0.002532,0.001016,0.001600,0.003530,0.006014,0.010645,0.036113,48.400799,25.584396,41.184546,41.293941,calls/second,milliseconds
