t,count,max,mean,min,stddev,p50,p75,p95,p98,p99,p999,values
1593447016,1,48,48.000000,48,0.000000,48.000000,48.000000,48.000000,48.000000,48.000000,48.000000,48|
1593447021,1,48,48.000000,48,0.000000,48.000000,48.000000,48.000000,48.000000,48.000000,48.000000,48|
1593447026,1,48,48.000000,48,0.000000,48.000000,48.000000,48.000000,48.000000,48.000000,48.000000,48|
1593447031,1,48,48.000000,48,0.000000,48.000000,48.000000,48.000000,48.000000,48.000000,48.000000,48|
1593447036,1,48,48.000000,48,0.000000,48.000000,48.000000,48.000000,48.000000,48.000000,48.000000,48|
1593447062,1,48,48.000000,48,0.000000,48.000000,48.000000,48.000000,48.000000,48.000000,48.000000,48|
1593447079,1,48,48.000000,48,0.000000,48.000000,48.000000,48.000000,48.000000,48.000000,48.000000,48|
