t,count,max,mean,min,stddev,p50,p75,p95,p98,p99,p999,mean_rate,m1_rate,m5_rate,m15_rate,rate_unit,duration_unit
1593447016,548,0.017443,0.001253,0.000317,0.001457,0.000975,0.001248,0.003518,0.005355,0.009044,0.017443,98.678407,78.200000,78.200000,78.200000,calls/second,milliseconds
1593447021,2493,0.011220,0.000812,0.000138,0.000833,0.000628,0.000991,0.001840,0.003334,0.004831,0.009044,242.512073,104.089619,83.551943,79.993901,calls/second,milliseconds
1593447026,5017,0.011220,0.000554,0.000080,0.000656,0.000421,0.000640,0.001254,0.001993,0.003317,0.009044,333.108500,137.599834,90.818686,82.449330,calls/second,milliseconds
1593447031,7069,0.011220,0.000495,0.000087,0.000563,0.000395,0.000569,0.001132,0.001544,0.002711,0.006054,348.457279,157.572753,95.720744,84.138803,calls/second,milliseconds
1593447036,9068,0.011220,0.000478,0.000087,0.000539,0.000386,0.000562,0.001071,0.001396,0.002501,0.006054,360.393568,177.451890,100.852515,85.923071,calls/second,milliseconds
1593447062,11209,0.006054,0.000464,0.000087,0.000449,0.000373,0.000565,0.000994,0.001461,0.002501,0.005329,164.000198,112.345066,94.777680,84.523883,calls/second,milliseconds
1593447079,11377,0.006054,0.000471,0.000087,0.000496,0.000364,0.000561,0.001022,0.001799,0.003334,0.005329,98.887216,51.049902,80.865710,80.183061,calls/second,milliseconds
