t,count,max,mean,min,stddev,p50,p75,p95,p98,p99,p999,mean_rate,m1_rate,m5_rate,m15_rate,rate_unit,duration_unit
1593447016,116,0.337362,0.060861,0.023584,0.054362,0.045652,0.059300,0.209731,0.279132,0.310367,0.337362,21.052407,15.800000,15.800000,15.800000,calls/second,milliseconds
1593447021,490,1.678052,0.047060,0.014456,0.089087,0.034164,0.044893,0.096464,0.161831,0.232110,1.678052,48.032309,20.837202,16.841298,16.149030,calls/second,milliseconds
1593447026,950,3.173194,0.034543,0.008363,0.121076,0.020670,0.034384,0.068300,0.102576,0.165414,3.173194,63.387981,20.837202,16.841298,16.149030,calls/second,milliseconds
1593447031,1373,3.173194,0.027609,0.007996,0.101680,0.016183,0.026171,0.053408,0.086250,0.129885,0.678767,67.941395,30.955413,19.142330,16.932749,calls/second,milliseconds
1593447036,1790,1.910186,0.024687,0.007996,0.068549,0.015778,0.022722,0.049347,0.074371,0.120564,1.910186,71.340362,35.500455,20.277142,17.325365,calls/second,milliseconds
1593447062,2228,347.202192,0.561965,0.008533,13.672179,0.015870,0.019473,0.042611,0.068853,0.110988,347.202192,32.632759,22.410540,19.022823,17.029723,calls/second,milliseconds
1593447079,2282,347.202192,0.510218,0.008533,12.995918,0.016560,0.021667,0.045214,0.068853,0.129885,347.202192,17.617832,8.891054,15.780417,16.005991,calls/second,milliseconds
