t,count,max,mean,min,stddev,p50,p75,p95,p98,p99,p999,mean_rate,m1_rate,m5_rate,m15_rate,rate_unit,duration_unit
1593447016,278,0.153083,0.013912,0.001377,0.017410,0.005933,0.021049,0.038535,0.064782,0.109648,0.153083,49.848886,35.200000,35.200000,35.200000,calls/second,milliseconds
1593447021,1288,237.156115,0.244231,0.001266,7.461828,0.003593,0.014186,0.023429,0.034633,0.042238,0.153083,125.337567,49.464076,38.148693,36.188363,calls/second,milliseconds
1593447026,2572,237.156115,0.232482,0.000533,7.296673,0.003145,0.012721,0.021311,0.033621,0.046826,0.080790,170.796535,66.489493,41.855241,37.441610,calls/second,milliseconds
1593447031,3611,237.156115,0.224696,0.000533,7.173667,0.002949,0.012489,0.021102,0.028465,0.043424,0.155125,178.033860,76.844581,44.403029,38.320048,calls/second,milliseconds
1593447036,4681,0.155125,0.007384,0.000487,0.009529,0.002849,0.012409,0.021054,0.030540,0.037181,0.080790,186.015668,88.082772,47.262418,39.312178,calls/second,milliseconds
1593447062,5741,0.155125,0.008083,0.000533,0.011921,0.002799,0.012758,0.022958,0.037181,0.063482,0.132537,83.999408,55.677426,44.582652,38.758564,calls/second,milliseconds
1593447079,5843,0.155125,0.007610,0.000533,0.011374,0.002724,0.012148,0.021589,0.036429,0.063136,0.132537,50.788242,25.713053,38.165817,36.815756,calls/second,milliseconds
