t,count,max,mean,min,stddev,p50,p75,p95,p98,p99,p999,mean_rate,m1_rate,m5_rate,m15_rate,rate_unit,duration_unit
1593447016,317,1.897150,0.059075,0.008456,0.121476,0.030979,0.059122,0.191702,0.261845,0.300313,1.897150,56.537881,40.000000,40.000000,40.000000,calls/second,milliseconds
1593447021,1275,10.077481,0.054330,0.006745,0.324416,0.025240,0.049242,0.123821,0.205910,0.270542,1.897150,123.873265,53.448529,42.780101,40.931854,calls/second,milliseconds
1593447026,2543,228.046180,0.267529,0.006745,7.235809,0.016136,0.038260,0.119788,0.205910,0.253106,228.046180,168.612197,69.739598,46.324151,42.130012,calls/second,milliseconds
1593447031,3534,228.046180,0.254595,0.006821,7.109895,0.014615,0.029809,0.106494,0.175821,0.231511,1.036262,174.144765,79.243151,48.675764,42.941478,calls/second,milliseconds
1593447036,4601,1.036262,0.029880,0.006872,0.053956,0.014565,0.026791,0.087865,0.155190,0.198339,0.707788,182.665751,89.793838,51.362053,43.873656,calls/second,milliseconds
1593447062,5719,22.498665,0.065143,0.006067,0.888233,0.014859,0.028722,0.094244,0.147410,0.202038,22.498665,83.647108,57.195009,48.372367,43.194432,calls/second,milliseconds
1593447079,5855,22.498665,0.054799,0.006067,0.802867,0.013209,0.024654,0.086666,0.128990,0.202038,22.498665,40.516535,17.900116,38.194666,39.933048,calls/second,milliseconds
