t,count,max,mean,min,stddev,p50,p75,p95,p98,p99,p999,mean_rate,m1_rate,m5_rate,m15_rate,rate_unit,duration_unit
1593447016,594,1.883520,0.013182,0.000286,0.080400,0.001772,0.011940,0.039152,0.074705,0.128854,1.883520,106.499735,77.200000,77.200000,77.200000,calls/second,milliseconds
1593447021,2480,1.883520,0.009667,0.000148,0.078668,0.004710,0.008538,0.014860,0.035387,0.060754,1.611030,241.079105,103.153583,82.565166,78.998333,calls/second,milliseconds
1593447026,4988,1.883520,0.005627,0.000077,0.057101,0.002791,0.004807,0.011791,0.017569,0.035387,0.165126,330.936574,136.354853,89.768882,81.432685,calls/second,milliseconds
1593447031,7032,0.085151,0.003331,0.000074,0.006549,0.002477,0.004256,0.011045,0.017499,0.033501,0.077735,346.565470,155.835644,94.565981,83.086794,calls/second,milliseconds
1593447036,9179,0.085151,0.002953,0.000054,0.005204,0.000740,0.004349,0.009989,0.014860,0.018670,0.067297,364.607290,178.732073,100.311866,85.076335,calls/second,milliseconds
1593447062,10889,0.085151,0.002788,0.000054,0.004914,0.000512,0.004443,0.008366,0.013183,0.017499,0.067297,159.292180,107.746283,93.058836,83.286749,calls/second,milliseconds
1593447079,10889,0.085151,0.002788,0.000054,0.004914,0.000512,0.004443,0.008366,0.013183,0.017499,0.067297,84.009155,39.637643,76.190131,77.915336,calls/second,milliseconds
