t,count,max,mean,min,stddev,p50,p75,p95,p98,p99,p999,mean_rate,m1_rate,m5_rate,m15_rate,rate_unit,duration_unit
1593447016,0,0.000000,0.000000,0.000000,0.000000,0.000000,0.000000,0.000000,0.000000,0.000000,0.000000,0.000000,0.000000,0.000000,0.000000,calls/second,milliseconds
1593447021,0,0.000000,0.000000,0.000000,0.000000,0.000000,0.000000,0.000000,0.000000,0.000000,0.000000,0.000000,0.000000,0.000000,0.000000,calls/second,milliseconds
1593447026,53,1.066340,0.051459,0.007962,0.150081,0.021664,0.026537,0.263745,0.313975,1.066340,1.066340,3.532943,0.847529,0.175203,0.058726,calls/second,milliseconds
1593447031,2569,227.998261,0.263067,0.005739,7.224344,0.024859,0.029223,0.091163,0.158093,0.210653,227.998261,127.029342,41.013415,8.489471,2.846205,calls/second,milliseconds
1593447036,2569,227.998261,0.263067,0.005739,7.224344,0.024859,0.029223,0.091163,0.158093,0.210653,227.998261,102.283632,37.734163,8.349153,2.830436,calls/second,milliseconds
1593447062,3292,0.378456,0.026711,0.004431,0.027816,0.023789,0.025960,0.064769,0.114282,0.164607,0.313975,48.204286,28.320786,9.420394,3.431709,calls/second,milliseconds
1593447079,3411,0.378456,0.026987,0.004431,0.024720,0.024359,0.027972,0.058094,0.099455,0.140923,0.313975,23.616276,9.559585,7.850397,3.347809,calls/second,milliseconds
