t,count,max,mean,min,stddev,p50,p75,p95,p98,p99,p999,mean_rate,m1_rate,m5_rate,m15_rate,rate_unit,duration_unit
1593447016,621,0.453432,0.018713,0.000330,0.040095,0.009136,0.026756,0.052603,0.077232,0.147070,0.453432,112.143337,95.200000,95.200000,95.200000,calls/second,milliseconds
1593447021,2547,2.262704,0.022450,0.000156,0.082380,0.001004,0.020419,0.091608,0.155580,0.212484,0.511823,249.337580,119.138702,100.148647,96.858722,calls/second,milliseconds
1593447026,5020,20.043141,0.037345,0.000090,0.641588,0.009821,0.019031,0.058255,0.118373,0.150448,20.043141,334.286195,150.614122,106.969174,99.163099,calls/second,milliseconds
1593447031,7029,20.043141,0.035908,0.000090,0.630385,0.010279,0.018955,0.049571,0.095585,0.144220,1.495140,347.548294,168.618990,111.412556,100.695710,calls/second,milliseconds
1593447036,9043,20.043141,0.038448,0.000090,0.623707,0.009498,0.019772,0.060785,0.118373,0.134069,2.703318,360.018728,188.702315,116.509753,102.463596,calls/second,milliseconds
1593447062,11264,20.043141,0.036894,0.000100,0.594778,0.010113,0.020060,0.061991,0.105303,0.128802,2.703318,164.929471,118.051133,108.483933,100.347938,calls/second,milliseconds
1593447079,11495,20.043141,0.030256,0.000099,0.546598,0.002885,0.019015,0.048212,0.101998,0.124098,1.495140,79.582868,36.275305,85.391428,92.660862,calls/second,milliseconds
