t,count,max,mean,min,stddev,p50,p75,p95,p98,p99,p999,mean_rate,m1_rate,m5_rate,m15_rate,rate_unit,duration_unit
1593447016,673,28.387594,0.178352,0.011156,1.378444,0.057538,0.080848,0.221900,0.449388,0.615207,28.387594,289.787747,0.000000,0.000000,0.000000,calls/second,milliseconds
1593447021,2565,17.494306,0.096766,0.011473,0.679402,0.029546,0.065585,0.146155,0.214480,0.476406,8.516540,366.513541,357.000000,357.000000,357.000000,calls/second,milliseconds
1593447026,5002,8.516540,0.065693,0.011146,0.406440,0.022852,0.042263,0.120057,0.182651,0.344419,6.887814,423.913073,365.699168,358.798306,357.602769,calls/second,milliseconds
1593447031,7043,8.516540,0.056337,0.011146,0.341446,0.025282,0.046142,0.111327,0.146155,0.201729,6.887814,414.270147,369.385187,359.674347,357.903029,calls/second,milliseconds
1593447036,9149,8.516540,0.054237,0.011146,0.327462,0.027545,0.051558,0.098518,0.131098,0.170071,6.887814,417.845482,377.941619,361.603652,358.559521,calls/second,milliseconds
1593447062,11332,14436.491445,28.801527,0.009227,642.445099,0.026912,0.048703,0.094388,0.120403,0.158602,14436.491445,174.120805,203.166500,319.290992,343.992398,calls/second,milliseconds
1593447079,11562,14436.491445,24.570378,0.009227,593.437948,0.024956,0.043624,0.088775,0.113190,0.133523,14436.491445,81.873116,60.356312,249.424450,316.768952,calls/second,milliseconds
