experiment,sink_name,column,mean,stddev,min,max,count,median,p95,p99,p999,p05,p10,standard_error
n1_x4_x2_x2,pairSink,latency,43616859.3358191,28963692.4348661,9105,104702772,798138,39270282.5,95579637,102347353.63,104701870.863,5386337,8282027,32420.1435029939
n4_x2_x2_x2,pairSink,latency,35302215.9149239,25496105.8083145,326090,102682714,121503,28214905,87022117.7,97558867.98,102681381.992,6023365.2,7525449.2,73144.2771296177
n4_x8_x2_x2,pairSink,latency,21290498.8742954,15488882.6969501,486236,58677983,68128,17610196.5,52094260.9,57197429,58677669.238,3174205.7,5101189,59341.329319691
